{
  "parent": "item/generated",
  "textures": {
    "layer0": "item/paper"
  },
  "overrides": [
    {
      "predicate": {
        "custom_model_data": 1
      },
      "model": "hmccosmetics:icons/arrow_back"
    },
    {
      "predicate": {
        "custom_model_data": 2
      },
      "model": "hmccosmetics:icons/arrow_next"
    },
    {
      "predicate": {
        "custom_model_data": 3
      },
      "model": "hmccosmetics:icons/colorful"
    },
    {
      "predicate": {
        "custom_model_data": 4
      },
      "model": "hmccosmetics:items/backpack"
    },
    {
      "predicate": {
        "custom_model_data": 5
      },
      "model": "hmccosmetics:items/lantern_cosmetic"
    },
    {
      "predicate": {
        "custom_model_data": 6
      },
      "model": "hmccosmetics:items/baseball_hat"
    },
    {
      "predicate": {
        "custom_model_data": 7
      },
      "model": "hmccosmetics:items/kite"
    },
    {
      "predicate": {
        "custom_model_data": 8
      },
      "model": "hmccosmetics:items/backpack_thirdperson"
    },
    {
      "predicate": {
        "custom_model_data": 9
      },
      "model": "hmccosmetics:items/future_wings"
    },
    {
      "predicate": {
        "custom_model_data": 10
      },
      "model": "hmccosmetics:items/future_wings_thirdperson"
    },
    {
      "predicate": {
        "custom_model_data": 11
      },
      "model": "hmccosmetics:items/frog_hat"
    },
    {
      "predicate": {
        "custom_model_data": 12
      },
      "model": "hmccosmetics:items/jetpack"
    },
    {
      "predicate": {
        "custom_model_data": 13
      },
      "model": "hmccosmetics:items/hammer"
    },
    {
      "predicate": {
        "custom_model_data": 14
      },
      "model": "hmccosmetics:items/garbage_truck_balloon_item"
    },
    {
      "predicate": {
        "custom_model_data": 15
      },
      "model": "hmccosmetics:items/jetpack_thirdperson"
    },
    {
      "predicate": {
        "custom_model_data": 16
      },
      "model": "hmccosmetics:items/hibiscus_flower"
    }
  ]
}