{
	"credit": "Made with Blockbench",
	"texture_size": [64, 64],
	"textures": {
		"1": "hmccosmetics:items/kite_colors",
		"2": "hmccosmetics:items/kite",
		"particle": "hmccosmetics:items/kite"
	},
	"elements": [
		{
			"from": [-1, 0, 1],
			"to": [14, 1, 2],
			"rotation": {"angle": -45, "axis": "y", "origin": [7.86491, 0.44286, 9.93634]},
			"faces": {
				"north": {"uv": [2.5, 6.5, 6.25, 6.75], "texture": "#2"},
				"east": {"uv": [6.25, 7, 6.5, 7.25], "texture": "#2"},
				"south": {"uv": [2.5, 6.75, 6.25, 7], "texture": "#2"},
				"west": {"uv": [7, 4.25, 7.25, 4.5], "texture": "#2"},
				"up": {"uv": [6.25, 7.25, 2.5, 7], "texture": "#2"},
				"down": {"uv": [6.25, 7.25, 2.5, 7.5], "texture": "#2"}
			}
		},
		{
			"from": [0, 0.5, 2],
			"to": [14, 0.5, 16],
			"rotation": {"angle": -45, "axis": "y", "origin": [7.86491, 0.44286, 9.93634]},
			"faces": {
				"north": {"uv": [0, 0, 3.5, 0], "texture": "#1"},
				"east": {"uv": [0, 0, 3.5, 0], "texture": "#1"},
				"south": {"uv": [0, 0, 3.5, 0], "texture": "#1"},
				"west": {"uv": [0, 0, 3.5, 0], "texture": "#1"},
				"up": {"uv": [3.5, 10, 0, 6.5], "texture": "#1", "tintindex": 0},
				"down": {"uv": [7, 6.5, 3.5, 10], "texture": "#1"}
			}
		},
		{
			"from": [-15.74695, -0.1, 3.99057],
			"to": [-0.74695, 0.9, 4.99057],
			"rotation": {"angle": 22.5, "axis": "y", "origin": [7.86491, 0.44286, 9.93634]},
			"faces": {
				"north": {"uv": [2.5, 5, 6.25, 5.25], "texture": "#2"},
				"east": {"uv": [5, 7.5, 5.25, 7.75], "texture": "#2"},
				"south": {"uv": [2.5, 5.25, 6.25, 5.5], "texture": "#2"},
				"west": {"uv": [7, 5, 7.25, 5.25], "texture": "#2"},
				"up": {"uv": [6.25, 5.75, 2.5, 5.5], "texture": "#2"},
				"down": {"uv": [6.25, 5.75, 2.5, 6], "texture": "#2"}
			}
		},
		{
			"from": [-1, 0, 2],
			"to": [0, 1, 16],
			"rotation": {"angle": -45, "axis": "y", "origin": [7.86491, 0.44286, 9.93634]},
			"faces": {
				"north": {"uv": [5.75, 0, 6, 0.25], "texture": "#2"},
				"east": {"uv": [1.5, 0, 5, 0.25], "texture": "#2"},
				"south": {"uv": [2, 5.25, 2.25, 5.5], "texture": "#2"},
				"west": {"uv": [2, 1, 5.5, 1.25], "texture": "#2"},
				"up": {"uv": [2.25, 4.75, 2, 1.25], "texture": "#2"},
				"down": {"uv": [5.25, 0, 5, 3.5], "texture": "#2"}
			}
		},
		{
			"from": [16.5701, -0.1, 3.95191],
			"to": [31.5701, 0.9, 4.95191],
			"rotation": {"angle": -22.5, "axis": "y", "origin": [7.86491, 0.44286, 9.93634]},
			"faces": {
				"north": {"uv": [2, 4.5, 5.75, 4.75], "texture": "#2"},
				"east": {"uv": [5.5, 7, 5.75, 7.25], "texture": "#2"},
				"south": {"uv": [2, 4.75, 5.75, 5], "texture": "#2"},
				"west": {"uv": [4.5, 0, 4.75, 0.25], "texture": "#2"},
				"up": {"uv": [5.75, 5.25, 2, 5], "texture": "#2"},
				"down": {"uv": [5.75, 5.25, 2, 5.5], "texture": "#2"}
			}
		},
		{
			"from": [11, 0.4, 4.88623],
			"to": [31, 0.4, 17.88623],
			"rotation": {"angle": -22.5, "axis": "y", "origin": [7.86491, 0.44286, 9.93634]},
			"faces": {
				"north": {"uv": [0, 0, 5, 0], "texture": "#1"},
				"east": {"uv": [0, 0, 3.25, 0], "texture": "#1"},
				"south": {"uv": [0, 0, 5, 0], "texture": "#1"},
				"west": {"uv": [0, 0, 3.25, 0], "texture": "#1"},
				"up": {"uv": [10, 3.25, 5, 0], "texture": "#1", "tintindex": 0},
				"down": {"uv": [10, 3.25, 5, 6.5], "texture": "#1"}
			}
		},
		{
			"from": [-15.19874, 0.4, 4.92488],
			"to": [4.80126, 0.4, 17.92488],
			"rotation": {"angle": 22.5, "axis": "y", "origin": [7.86491, 0.44286, 9.93634]},
			"faces": {
				"north": {"uv": [0, 0, 5, 0], "texture": "#1"},
				"east": {"uv": [0, 0, 3.25, 0], "texture": "#1"},
				"south": {"uv": [0, 0, 5, 0], "texture": "#1"},
				"west": {"uv": [0, 0, 3.25, 0], "texture": "#1"},
				"up": {"uv": [5, 3.25, 0, 0], "texture": "#1", "tintindex": 0},
				"down": {"uv": [5, 3.25, 0, 6.5], "texture": "#1"}
			}
		},
		{
			"from": [7.5, -0.1, -2],
			"to": [8.5, 0.9, 25],
			"faces": {
				"north": {"uv": [5.75, 4, 6, 4.25], "texture": "#2"},
				"east": {"uv": [0, 0, 6.75, 0.25], "texture": "#2"},
				"south": {"uv": [3, 5.25, 3.25, 5.5], "texture": "#2"},
				"west": {"uv": [0, 0.25, 6.75, 0.5], "texture": "#2"},
				"up": {"uv": [0.25, 7.25, 0, 0.5], "texture": "#2"},
				"down": {"uv": [0.5, 0.5, 0.25, 7.25], "texture": "#2"}
			}
		}
	],
	"display": {
		"ground": {
			"translation": [0, 6, 0],
			"scale": [0.5, 0.5, 0.5]
		},
		"gui": {
			"rotation": [25, 127, 0],
			"translation": [-2, 2.25, 0],
			"scale": [0.45, 0.45, 0.45]
		}
	},
	"groups": [
		{
			"name": "group",
			"origin": [4.73277, 0.5, 22.80196],
			"color": 0,
			"children": [0, 1, 2, 3, 4, 5, 6]
		},
		7
	]
}