{
  "sources": [
    {
      "type": "single",
      "resource": "hmccosmetics:icons/arrow_back"
    },
    {
      "type": "single",
      "resource": "hmccosmetics:icons/arrow_next"
    },
    {
      "type": "single",
      "resource": "hmccosmetics:icons/colorful"
    },
    {
      "type": "single",
      "resource": "hmccosmetics:items/backpack"
    },
    {
      "type": "single",
      "resource": "hmccosmetics:items/baseball_hat"
    },
    {
      "type": "single",
      "resource": "hmccosmetics:items/beanie"
    },
    {
      "type": "single",
      "resource": "hmccosmetics:items/earth_day_grabber"
    },
    {
      "type": "single",
      "resource": "hmccosmetics:items/explorer_backpack"
    },
    {
      "type": "single",
      "resource": "hmccosmetics:items/frog_hat"
    },
    {
      "type": "single",
      "resource": "hmccosmetics:items/future_wings"
    },
    {
      "type": "single",
      "resource": "hmccosmetics:items/garbage_truck_balloon"
    },
    {
      "type": "single",
      "resource": "hmccosmetics:items/hammer"
    },
    {
      "type": "single",
      "resource": "hmccosmetics:items/jetpack"
    },
    {
      "type": "single",
      "resource": "hmccosmetics:items/jetpack_animation"
    },
    {
      "type": "single",
      "resource": "hmccosmetics:items/kite_colors"
    },
    {
      "type": "single",
      "resource": "hmccosmetics:items/kite"
    },
    {
      "type": "single",
      "resource": "hmccosmetics:items/lantern_cosmetic"
    },
    {
      "type": "single",
      "resource": "hmccosmetics:items/paintbrush_paint"
    },
    {
      "type": "single",
      "resource": "hmccosmetics:items/paintbrush"
    },
    {
      "type": "single",
      "resource": "hmccosmetics:items/hibiscus_flower"
    }
  ]
}